Condition;Age Band;Sex;Race/Ethnicity;Base 10-yr incidence p0;Table A p0;mean_R;n;ratio
Type 2 diabetes;18-34;Female;Hispanic;0.006680531475495355;0.0422;6.735357372702574;976;0.1583064330686103
Type 2 diabetes;18-34;Female;non-Hispanic Asian;0.017845178093726488;0.0417;2.544553820570747;368;0.4279419207128654
Type 2 diabetes;18-34;Female;non-Hispanic Black;0.00855280271893294;0.0468;5.924005652995639;69;0.1827521948489944
Type 2 diabetes;18-34;Female;non-Hispanic White;0.007295249621069033;0.0289;4.2200287117774895;602;0.2524307827359527
Type 2 diabetes;18-34;Male;Hispanic;0.0073737820607523985;0.0397;5.718060044687953;591;0.18573758339426696
Type 2 diabetes;18-34;Male;non-Hispanic Asian;0.01736387874868256;0.0392;2.4040418548893334;349;0.4429560905276163
Type 2 diabetes;18-34;Male;non-Hispanic Black;0.008189158493910276;0.0441;5.800338418279447;43;0.18569520394354366
Type 2 diabetes;18-34;Male;non-Hispanic White;0.008430313485424501;0.0271;3.4098641727559085;449;0.3110816784289484
Type 2 diabetes;35-49;Female;Hispanic;0.01071302908584787;0.072;7.445609381328212;1072;0.14879207063677596
Type 2 diabetes;35-49;Female;non-Hispanic Asian;0.030447708754578195;0.0711;2.695073363592227;508;0.42823781652008713
Type 2 diabetes;35-49;Female;non-Hispanic Black;0.010016550405568425;0.0797;8.866594907180245;129;0.12567817321917724
Type 2 diabetes;35-49;Female;non-Hispanic White;0.012018231846915695;0.0494;4.520725525726221;1291;0.24328404548412338
Type 2 diabetes;35-49;Male;Hispanic;0.01011591648308735;0.0677;7.341617297564303;556;0.1494226954665783
Type 2 diabetes;35-49;Male;non-Hispanic Asian;0.026293160955537964;0.0669;2.7955843801474383;415;0.393021837900418
Type 2 diabetes;35-49;Male;non-Hispanic Black;0.010395835932276054;0.075;8.08484729297742;68;0.13861114576368072
Type 2 diabetes;35-49;Male;non-Hispanic White;0.0123074143981165;0.0465;4.093734289615931;894;0.2646755784541183
Type 2 diabetes;50-64;Female;Hispanic;0.020081353643918887;0.1289;7.76408742913027;903;0.15579017567043357
Type 2 diabetes;50-64;Female;non-Hispanic Asian;0.06748581570076878;0.1274;2.23989693906788;461;0.5297159788129417
Type 2 diabetes;50-64;Female;non-Hispanic Black;0.02143122726334007;0.1422;8.04038630801196;193;0.15071186542433243
Type 2 diabetes;50-64;Female;non-Hispanic White;0.020553632172877034;0.0893;5.12411781804048;1864;0.23016385411956364
Type 2 diabetes;50-64;Male;Hispanic;0.02291321025439913;0.1215;6.284655375312917;590;0.18858609262879944
Type 2 diabetes;50-64;Male;non-Hispanic Asian;0.05943335192706717;0.1201;2.436250014550079;467;0.4948655447715834
Type 2 diabetes;50-64;Male;non-Hispanic Black;0.030243409265498233;0.1342;5.4098901089085585;85;0.22536072478016564
Type 2 diabetes;50-64;Male;non-Hispanic White;0.022634220953876627;0.0841;4.216058250551495;1502;0.2691346130068565
Type 2 diabetes;65+;Female;Hispanic;0.01765055286765599;0.0949;6.280900666612878;498;0.18599107342103255
Type 2 diabetes;65+;Female;non-Hispanic Asian;0.050796864260890084;0.0938;1.9988505606975735;378;0.5415443951054381
Type 2 diabetes;65+;Female;non-Hispanic Black;0.022162160861802283;0.1049;5.484796461867767;180;0.21126940764349175
Type 2 diabetes;65+;Female;non-Hispanic White;0.017639982426837897;0.0653;4.193206794827146;2204;0.2701375563068591
Type 2 diabetes;65+;Male;Hispanic;0.026401723168275215;0.0894;3.793131599153745;443;0.29532128823574066
Type 2 diabetes;65+;Male;non-Hispanic Asian;0.047595024245225825;0.0883;2.0004669938856274;427;0.5390149971146753
Type 2 diabetes;65+;Male;non-Hispanic Black;0.02375063750202594;0.0988;4.698136209725781;96;0.24039106783427064
Type 2 diabetes;65+;Male;non-Hispanic White;0.021442971241000752;0.0615;3.1196337078040677;1751;0.34866619904066265
Hypertension;18-34;Female;Hispanic;0.13887477538469145;0.304;2.580806558037131;940;0.4568249190285903
Hypertension;18-34;Female;non-Hispanic Asian;0.17497425121575633;0.255;1.5915878276742095;360;0.6861735341794366
Hypertension;18-34;Female;non-Hispanic Black;0.19412539067897566;0.362;2.2531593630716427;60;0.5362579853010377
Hypertension;18-34;Female;non-Hispanic White;0.1651435228019849;0.273;1.8616494295739978;575;0.6049213289449996
Hypertension;18-34;Male;Hispanic;0.16145913489334768;0.338;2.483968591130649;543;0.47768974820517063
Hypertension;18-34;Male;non-Hispanic Asian;0.190328171944743;0.282;1.6276970764139271;328;0.6749225955487341
Hypertension;18-34;Male;non-Hispanic Black;0.21406425160053782;0.402;2.3287328486905845;42;0.5324981383097955
Hypertension;18-34;Male;non-Hispanic White;0.18950690717030721;0.303;1.8212405472913988;425;0.6254353371957334
Hypertension;35-49;Female;Hispanic;0.126467818812613;0.325;3.064377142860626;977;0.38913175019265533
Hypertension;35-49;Female;non-Hispanic Asian;0.18418104613845604;0.272;1.6551652572782238;480;0.6771361990384412
Hypertension;35-49;Female;non-Hispanic Black;0.1849939759447367;0.387;2.530696207663705;104;0.47802060967632226
Hypertension;35-49;Female;non-Hispanic White;0.17802097268999834;0.292;1.8599471715608389;1163;0.6096608653767067
Hypertension;35-49;Male;Hispanic;0.14635683317663867;0.361;2.9820933424783296;499;0.40542059051700463
Hypertension;35-49;Male;non-Hispanic Asian;0.19865832227225505;0.302;1.70558486425093;373;0.6578090141465399
Hypertension;35-49;Male;non-Hispanic Black;0.242874245831268;0.43;2.1504043343456063;60;0.5648238275145767
Hypertension;35-49;Male;non-Hispanic White;0.18921684239122644;0.324;1.9591818768012677;792;0.584002599972921
Hypertension;50-64;Female;Hispanic;0.12040352702628093;0.325;3.25887378510482;747;0.37047239085009515
Hypertension;50-64;Female;non-Hispanic Asian;0.19489707073280899;0.272;1.5120191025500047;416;0.7165333482823859
Hypertension;50-64;Female;non-Hispanic Black;0.20350514334424924;0.397;2.3792478661397922;120;0.5126074139653632
Hypertension;50-64;Female;non-Hispanic White;0.1701584021745835;0.292;1.9520960154186606;1469;0.5827342540225463
Hypertension;50-64;Male;Hispanic;0.14019894924588977;0.361;3.094393540166948;483;0.38836274029332346
Hypertension;50-64;Male;non-Hispanic Asian;0.2064451496023197;0.302;1.6237440074059288;389;0.6835932106037076
Hypertension;50-64;Male;non-Hispanic Black;0.2257455075501668;0.429;2.2824613245839545;48;0.5262133043127432
Hypertension;50-64;Male;non-Hispanic White;0.1764929979146193;0.324;2.1258611071864277;1104;0.5447314750451213
Hypertension;65+;Female;Hispanic;0.30399590523403364;0.613;3.00391517684972;317;0.49591501669499777
Hypertension;65+;Female;non-Hispanic Asian;0.40098955530143454;0.513;1.4803170169732849;238;0.7816560532191706
Hypertension;65+;Female;non-Hispanic Black;0.46191929231389894;0.729;2.3908515276431177;82;0.6336341458352523
Hypertension;65+;Female;non-Hispanic White;0.3682862349251451;0.55;1.956487423330294;1269;0.6696113362275365
Hypertension;65+;Male;Hispanic;0.3655715426920473;0.68;2.7607602139239846;280;0.5376052098412459
Hypertension;65+;Male;non-Hispanic Asian;0.42035149197989863;0.569;1.6689924701738217;292;0.7387548189453403
Hypertension;65+;Male;non-Hispanic Black;0.5404382993578589;0.809;2.627604648518639;47;0.6680325084769578
Hypertension;65+;Male;non-Hispanic White;0.438405003977253;0.61;1.7711522360171985;984;0.7186967278315624
Coronary Heart Disease;18-34;Female;Hispanic;0.0009168077916630881;0.0016;1.7460703207937553;1006;0.57300486978943
Coronary Heart Disease;18-34;Female;non-Hispanic Asian;0.0007638545990986125;0.001;1.3093846884667588;373;0.7638545990986125
Coronary Heart Disease;18-34;Female;non-Hispanic Black;0.000648117613299914;0.0011;1.697814809281486;70;0.589197830272649
Coronary Heart Disease;18-34;Female;non-Hispanic White;0.0010099928670899705;0.0015;1.486035005270434;607;0.6733285780599804
Coronary Heart Disease;18-34;Male;Hispanic;0.0022665334569059174;0.0039;1.722791824516036;606;0.5811624248476711
Coronary Heart Disease;18-34;Male;non-Hispanic Asian;0.001813370218182342;0.0024;1.3242018703674368;344;0.7555709242426425
Coronary Heart Disease;18-34;Male;non-Hispanic Black;0.0012682450028597687;0.0026;2.051881698528931;42;0.4877865395614495
Coronary Heart Disease;18-34;Male;non-Hispanic White;0.0025728893718657835;0.0036;1.4007063644231266;451;0.7146914921849399
Coronary Heart Disease;35-49;Female;Hispanic;0.0026084259408973294;0.005;1.9202831556835565;1170;0.5216851881794659
Coronary Heart Disease;35-49;Female;non-Hispanic Asian;0.0023454018614356693;0.0031;1.3225813587623605;534;0.7565812456244095
Coronary Heart Disease;35-49;Female;non-Hispanic Black;0.0017273160965069478;0.0033;1.9131190387312706;138;0.5234291201536205
Coronary Heart Disease;35-49;Female;non-Hispanic White;0.003118697412950067;0.0046;1.4773288026075448;1318;0.6779776984674059
Coronary Heart Disease;35-49;Male;Hispanic;0.0058908701576514955;0.0118;2.0126506440464267;620;0.4992262845467369
Coronary Heart Disease;35-49;Male;non-Hispanic Asian;0.005214014613684925;0.0074;1.422048356095876;434;0.7045965694168818
Coronary Heart Disease;35-49;Male;non-Hispanic Black;0.004262439253614525;0.0079;1.8596237927016797;78;0.5395492726094335
Coronary Heart Disease;35-49;Male;non-Hispanic White;0.006889150989079551;0.011;1.6030142628640103;908;0.6262864535526865
Coronary Heart Disease;50-64;Female;Hispanic;0.006982485534370475;0.0141;2.0298767845472243;1093;0.4952117400262748
Coronary Heart Disease;50-64;Female;non-Hispanic Asian;0.006425823923413565;0.0088;1.3723293882822234;521;0.7302072640242687
Coronary Heart Disease;50-64;Female;non-Hispanic Black;0.004569784614502359;0.0095;2.086535110137414;215;0.48102995942130095
Coronary Heart Disease;50-64;Female;non-Hispanic White;0.008032863407688662;0.0131;1.6393575594554601;1903;0.6131956799762337
Coronary Heart Disease;50-64;Male;Hispanic;0.01677455505115949;0.0335;2.02098958100264;760;0.5007329866017758
Coronary Heart Disease;50-64;Male;non-Hispanic Asian;0.014580979064521438;0.0209;1.441612729191543;540;0.6976545006948057
Coronary Heart Disease;50-64;Male;non-Hispanic Black;0.010395496688164252;0.0225;2.1862057742905416;102;0.4620220750295223
Coronary Heart Disease;50-64;Male;non-Hispanic White;0.0186201509761878;0.0312;1.696082692969001;1543;0.59679971077525
Coronary Heart Disease;65+;Female;Hispanic;0.017067603951954113;0.0347;2.059141385159999;594;0.4918617853589081
Coronary Heart Disease;65+;Female;non-Hispanic Asian;0.016021274870960223;0.0217;1.3600140413514687;417;0.7383075977401025
Coronary Heart Disease;65+;Female;non-Hispanic Black;0.01140599147579685;0.0233;2.0597562436369143;234;0.4895275311500794
Coronary Heart Disease;65+;Female;non-Hispanic White;0.02020135236661308;0.0323;1.6162909790326463;2022;0.6254288658394141
Coronary Heart Disease;65+;Male;Hispanic;0.04390630050088745;0.0825;1.9356411019122561;550;0.5321975818289388
Coronary Heart Disease;65+;Male;non-Hispanic Asian;0.030847081226014483;0.0514;1.6947428673144789;495;0.6001377670430833
Coronary Heart Disease;65+;Male;non-Hispanic Black;0.027228843863218166;0.0554;2.084453864704721;123;0.4914953765923857
Coronary Heart Disease;65+;Male;non-Hispanic White;0.051098297220274425;0.0767;1.5332054034977485;1507;0.6662098724937995
Stroke;18-34;Female;Hispanic;0.0014576212593699345;0.0024;1.6475262563643014;1014;0.6073421914041394
Stroke;18-34;Female;non-Hispanic Asian;0.0010609992742721124;0.0014;1.3197929688208618;377;0.7578566244800803
Stroke;18-34;Female;non-Hispanic Black;0.0012621605035474937;0.0022;1.7440954546744922;71;0.5737093197943153
Stroke;18-34;Female;non-Hispanic White;0.0013365865953452465;0.002;1.4971440103562934;612;0.6682932976726232
Stroke;18-34;Male;Hispanic;0.0018784673534499303;0.0031;1.6515788537247722;606;0.6059572107903002
Stroke;18-34;Male;non-Hispanic Asian;0.0012784430652635348;0.0017;1.3301323823366047;350;0.7520253325079617
Stroke;18-34;Male;non-Hispanic Black;0.0014281440795725357;0.0028;1.9623068426999002;44;0.5100514569901914
Stroke;18-34;Male;non-Hispanic White;0.0016622220994303993;0.0025;1.5049381593196727;457;0.6648888397721597
Stroke;35-49;Female;Hispanic;0.004310529462776713;0.0074;1.7201253832791934;1179;0.5825039814563125
Stroke;35-49;Female;non-Hispanic Asian;0.0031042221471771496;0.0041;1.3216711075171275;539;0.7571273529700364
Stroke;35-49;Female;non-Hispanic Black;0.0038028273139343875;0.0067;1.765454663662078;143;0.5675861662588638
Stroke;35-49;Female;non-Hispanic White;0.003956867745860404;0.006;1.5187262179939727;1338;0.6594779576434007
Stroke;35-49;Male;Hispanic;0.0050973391520114375;0.0094;1.8493155340470995;633;0.5422701225544082
Stroke;35-49;Male;non-Hispanic Asian;0.0036868501431309157;0.0052;1.4119404350534706;444;0.7090096429097915
Stroke;35-49;Male;non-Hispanic Black;0.004815766205101657;0.0085;1.7696973578870137;76;0.5665607300119596
Stroke;35-49;Male;non-Hispanic White;0.00463590222411675;0.0076;1.6429026017736241;921;0.609987134752204
Stroke;50-64;Female;Hispanic;0.011817647388564445;0.021;1.7873524068871232;1124;0.562745113741164
Stroke;50-64;Female;non-Hispanic Asian;0.008865536925498796;0.0116;1.3109065479019624;539;0.7642704246119653
Stroke;50-64;Female;non-Hispanic Black;0.010561168878744753;0.019;1.8089814267633513;220;0.5558509936181449
Stroke;50-64;Female;non-Hispanic White;0.01028690905534474;0.017;1.6612478345355466;1997;0.6051122973732199
Stroke;50-64;Male;Hispanic;0.014519996179829409;0.0266;1.8458997962138075;803;0.5458645180386996
Stroke;50-64;Male;non-Hispanic Asian;0.010493289151842944;0.0147;1.4050184459651247;575;0.7138291940029213
Stroke;50-64;Male;non-Hispanic Black;0.011995515723428551;0.0241;2.02619961813435;108;0.4977392416360395
Stroke;50-64;Male;non-Hispanic White;0.01270482200897921;0.0216;1.7112141513887458;1667;0.5881862041194079
Stroke;65+;Female;Hispanic;0.030000260088528574;0.0517;1.7469035990890374;650;0.5802758237626416
Stroke;65+;Female;non-Hispanic Asian;0.02215894999861784;0.0285;1.2912798363682279;459;0.7775070174953628
Stroke;65+;Female;non-Hispanic Black;0.02611024474593565;0.0468;1.8157793049891684;245;0.5579112125199925
Stroke;65+;Female;non-Hispanic White;0.026382531784802488;0.042;1.6096337473867852;2319;0.6281555186857735
Stroke;65+;Male;Hispanic;0.03808978530314694;0.0656;1.7533441640486593;628;0.5806369710845569
Stroke;65+;Male;non-Hispanic Asian;0.024282829822897478;0.0362;1.5027012838121017;597;0.6707964039474441
Stroke;65+;Male;non-Hispanic Black;0.032356896345298425;0.0594;1.868799253810225;137;0.5447288947019937
Stroke;65+;Male;non-Hispanic White;0.034347016614698245;0.0533;1.571547043510153;1986;0.6444093173489351
