Condition;Factor;Category;RR;Source;California has a 50/50 sex average
Type 2 diabetes;Smoking;Never;1;Reference;
Type 2 diabetes;Smoking;Former;1.14;Pan et al., Lancet Diabetes Endocrinol 2015 (PMC4656094);
Type 2 diabetes;Smoking;Current;1.37;Pan et al., Lancet Diabetes Endocrinol 2015 (PMC4656094);
Hypertension;Smoking;Never;1;Reference;
Hypertension;Smoking;Former;1;No consistent effect;
Hypertension;Smoking;Current;1;No consistent effect;
Coronary Heart Disease;Smoking;Never;1;Reference;
Coronary Heart Disease;Smoking;Former;1.3;Mons et al., BMJ 2015 (CHANCES);
Coronary Heart Disease;Smoking;Current;2.44;Hackshaw et al., BMJ 2018;
Stroke;Smoking;Never;1;Reference;
Stroke;Smoking;Former;1.25;Mons et al., BMJ 2015 (CHANCES);
Stroke;Smoking;Current;1.9;Hackshaw et al., BMJ 2018;
Type 2 diabetes;BMI;Underweight;0.93;"Yu H-J, Ho M, Liu X, Yang J, Chau PH, Fong DYT. ""Association of weight status and the risks of diabetes in adults: a systematic review and meta-analysis of prospective cohort studies."" International Journal of Obesity. 2022;46:1101–1113.";
Type 2 diabetes;BMI;Normal;1;Reference;
Type 2 diabetes;BMI;Overweight;2.24;"Yu H-J, Ho M, Liu X, Yang J, Chau PH, Fong DYT. ""Association of weight status and the risks of diabetes in adults: a systematic review and meta-analysis of prospective cohort studies."" International Journal of Obesity. 2022;46:1101–1113.";
Type 2 diabetes;BMI;Obese I;4.56;"Yu H-J, Ho M, Liu X, Yang J, Chau PH, Fong DYT. ""Association of weight status and the risks of diabetes in adults: a systematic review and meta-analysis of prospective cohort studies."" International Journal of Obesity. 2022;46:1101–1113.";
Type 2 diabetes;BMI;Obese II+;22.97;"Yu H-J, Ho M, Liu X, Yang J, Chau PH, Fong DYT. ""Association of weight status and the risks of diabetes in adults: a systematic review and meta-analysis of prospective cohort studies."" International Journal of Obesity. 2022;46:1101–1113.";
Hypertension;BMI;Underweight;0.701236028;Jayedi et al., Obes Rev 2018;
Hypertension;BMI;Normal;1;Reference;
Hypertension;BMI;Overweight;1.588166648;Jayedi et al., Obes Rev 2018;
Hypertension;BMI;Obese I;2.366368305;Jayedi et al., Obes Rev 2018;
Hypertension;BMI;Obese II+;3.525888774;Jayedi et al., Obes Rev 2018;
Coronary Heart Disease;BMI;Underweight;1;Lu et al., Lancet 2014 (converted from 1.27 [CHD] / 1.18 [stroke] per 5 kg/m²);
Coronary Heart Disease;BMI;Normal;1;Reference;
Coronary Heart Disease;BMI;Overweight;1.319508877;Lu et al., Lancet 2014 (converted from 1.27 [CHD] / 1.18 [stroke] per 5 kg/m²);
Coronary Heart Disease;BMI;Obese I;1.675776274;Lu et al., Lancet 2014 (converted from 1.27 [CHD] / 1.18 [stroke] per 5 kg/m²);
Coronary Heart Disease;BMI;Obese II+;2.128235868;Lu et al., Lancet 2014 (converted from 1.27 [CHD] / 1.18 [stroke] per 5 kg/m²);
Stroke;BMI;Underweight;1;Lu et al., Lancet 2014 (converted from 1.27 [CHD] / 1.18 [stroke] per 5 kg/m²);
Stroke;BMI;Normal;1;Reference;
Stroke;BMI;Overweight;1.211666577;Lu et al., Lancet 2014 (converted from 1.27 [CHD] / 1.18 [stroke] per 5 kg/m²);
Stroke;BMI;Obese I;1.429766561;Lu et al., Lancet 2014 (converted from 1.27 [CHD] / 1.18 [stroke] per 5 kg/m²);
Stroke;BMI;Obese II+;1.687124542;Lu et al., Lancet 2014 (converted from 1.27 [CHD] / 1.18 [stroke] per 5 kg/m²);
Type 2 diabetes;Physical activity;Low;1.166861144;Kyu 2016 BMJ;
Type 2 diabetes;Physical activity;Moderate;1;Reference;
Type 2 diabetes;Physical activity;High;0.872812135;Kyu 2016 BMJ;
Hypertension;Physical activity;Low;1.031421246;"Liu et al., Hypertension 2017 — ""Dose-Response Association Between Physical Activity and Incident Hypertension.""";
Hypertension;Physical activity;Moderate;1;Reference;
Hypertension;Physical activity;High;0.8836;"Liu et al., Hypertension 2017 — ""Dose-Response Association Between Physical Activity and Incident Hypertension.""";
Coronary Heart Disease;Physical activity;Low;1.19474313;Kyu 2016 BMJ;
Coronary Heart Disease;Physical activity;Moderate;1;Reference;
Coronary Heart Disease;Physical activity;High;0.918757467;Kyu 2016 BMJ;
Stroke;Physical activity;Low;1.18623962;Kyu 2016 BMJ;
Stroke;Physical activity;Moderate;1;Reference;
Stroke;Physical activity;High;0.960854093;Kyu 2016 BMJ;
Type 2 diabetes;Sleep;Short;1.28;"Cappuccio et al., Diabetes Care 2010 — ""Quantity and quality of sleep and incidence of type 2 diabetes.""";
Type 2 diabetes;Sleep;Normal;1;Reference;
Type 2 diabetes;Sleep;Long;1.48;"Cappuccio et al., Diabetes Care 2010 — ""Quantity and quality of sleep and incidence of type 2 diabetes.""";
Hypertension;Sleep;Short;1.11;Wang et al. 2012 (Hypertension Research);
Hypertension;Sleep;Normal;1;Reference;
Hypertension;Sleep;Long;1;Wang et al. 2012 (Hypertension Research);
Coronary Heart Disease;Sleep;Short;1.48;"Cappuccio et al., European Heart Journal 2011 — ""Sleep duration predicts cardiovascular outcomes.""";
Coronary Heart Disease;Sleep;Normal;1;Reference;
Coronary Heart Disease;Sleep;Long;1.38;"Cappuccio et al., European Heart Journal 2011 — ""Sleep duration predicts cardiovascular outcomes.""";
Stroke;Sleep;Short;1.15;"Cappuccio et al., European Heart Journal 2011 — ""Sleep duration predicts cardiovascular outcomes.""";
Stroke;Sleep;Normal;1;Reference;
Stroke;Sleep;Long;1.65;"Cappuccio et al., European Heart Journal 2011 — ""Sleep duration predicts cardiovascular outcomes.""";
Type 2 diabetes;Alcohol consumption;None;1;Reference;
Type 2 diabetes;Alcohol consumption;Moderate;0.82;Knott, Bell & Britton, Diabetes Care 2015;
Type 2 diabetes;Alcohol consumption;Heavy;1;Knott, Bell & Britton, Diabetes Care 2015;
Hypertension;Alcohol consumption;None;1;Reference;
Hypertension;Alcohol consumption;Moderate;1.065;Roerecke et al. 2018 (JAHA);
Hypertension;Alcohol consumption;Heavy;1.465;Roerecke et al. 2018 (JAHA);
Coronary Heart Disease;Alcohol consumption;None;1;Reference;
Coronary Heart Disease;Alcohol consumption;Moderate;0.71;Ronksley et al., BMJ 2011;
Coronary Heart Disease;Alcohol consumption;Heavy;1;Ronksley et al., BMJ 2011;
Stroke;Alcohol consumption;None;1;Reference;
Stroke;Alcohol consumption;Moderate;0.92;Ronksley et al., BMJ 2011;
Stroke;Alcohol consumption;Heavy;1.15;Ronksley et al., BMJ 2011;
Type 2 diabetes;Diet;None/rarely;1;Reference;
Type 2 diabetes;Diet;Moderate;1.13;Imamura et al., BMJ 2015.;
Type 2 diabetes;Diet;High;1.28;Imamura et al., BMJ 2015.;
Hypertension;Diet;None/rarely;1;Reference;
Hypertension;Diet;Moderate;1.1;"Li B, Yan N, Jiang H, Cui M, Wu M, Wang L, Mi B, Li Z, Shi J, Fan Y, Azalati MM, Li C, Chen F, Ma M, Wang D, Ma L. Consumption of sugar sweetened beverages, artificially sweetened beverages and fruit juices and risk of type 2 diabetes, hypertension, cardiovascular disease, and mortality: A meta-analysis. Frontiers in Nutrition. 2023;10:1019534. doi:10.3389/fnut.2023.1019534";
Hypertension;Diet;High;1.21;"Li B, Yan N, Jiang H, Cui M, Wu M, Wang L, Mi B, Li Z, Shi J, Fan Y, Azalati MM, Li C, Chen F, Ma M, Wang D, Ma L. Consumption of sugar sweetened beverages, artificially sweetened beverages and fruit juices and risk of type 2 diabetes, hypertension, cardiovascular disease, and mortality: A meta-analysis. Frontiers in Nutrition. 2023;10:1019534. doi:10.3389/fnut.2023.1019534";
Coronary Heart Disease;Diet;None/rarely;1;Reference;
Coronary Heart Disease;Diet;Moderate;1.2;"Li B, Yan N, Jiang H, Cui M, Wu M, Wang L, Mi B, Li Z, Shi J, Fan Y, Azalati MM, Li C, Chen F, Ma M, Wang D, Ma L. Consumption of sugar sweetened beverages, artificially sweetened beverages and fruit juices and risk of type 2 diabetes, hypertension, cardiovascular disease, and mortality: A meta-analysis. Frontiers in Nutrition. 2023;10:1019534. doi:10.3389/fnut.2023.1019534";
Coronary Heart Disease;Diet;High;1.44;"Li B, Yan N, Jiang H, Cui M, Wu M, Wang L, Mi B, Li Z, Shi J, Fan Y, Azalati MM, Li C, Chen F, Ma M, Wang D, Ma L. Consumption of sugar sweetened beverages, artificially sweetened beverages and fruit juices and risk of type 2 diabetes, hypertension, cardiovascular disease, and mortality: A meta-analysis. Frontiers in Nutrition. 2023;10:1019534. doi:10.3389/fnut.2023.1019534";
Stroke;Diet;None/rarely;1;Reference;
Stroke;Diet;Moderate;1.16;"Li B, Yan N, Jiang H, Cui M, Wu M, Wang L, Mi B, Li Z, Shi J, Fan Y, Azalati MM, Li C, Chen F, Ma M, Wang D, Ma L. Consumption of sugar sweetened beverages, artificially sweetened beverages and fruit juices and risk of type 2 diabetes, hypertension, cardiovascular disease, and mortality: A meta-analysis. Frontiers in Nutrition. 2023;10:1019534. doi:10.3389/fnut.2023.1019534";
Stroke;Diet;High;1.35;"Li B, Yan N, Jiang H, Cui M, Wu M, Wang L, Mi B, Li Z, Shi J, Fan Y, Azalati MM, Li C, Chen F, Ma M, Wang D, Ma L. Consumption of sugar sweetened beverages, artificially sweetened beverages and fruit juices and risk of type 2 diabetes, hypertension, cardiovascular disease, and mortality: A meta-analysis. Frontiers in Nutrition. 2023;10:1019534. doi:10.3389/fnut.2023.1019534";
Type 2 diabetes;Family history;None;1;Reference;
Type 2 diabetes;Family history;One;2.56;"Scott RA et al. (InterAct Consortium). ""The link between family history and risk of type 2 diabetes is not explained by anthropometric, lifestyle or genetic risk factors: the EPIC-InterAct study."" Diabetologia. 2013;56(1):60–69.";
Type 2 diabetes;Family history;Two or more;3.99;"Scott RA et al. (InterAct Consortium). ""The link between family history and risk of type 2 diabetes is not explained by anthropometric, lifestyle or genetic risk factors: the EPIC-InterAct study."" Diabetologia. 2013;56(1):60–69.";
Hypertension;Family history;None;1;Reference;
Hypertension;Family history;One;1.23;Hypertension Research 2025;
Hypertension;Family history;Two or more;1.23;Hypertension Research 2025;
Coronary Heart Disease;Family history;None;1;Reference;
Coronary Heart Disease;Family history;One;1.46;Ranthe et al., PLOS One 2015,;
Coronary Heart Disease;Family history;Two or more;2.38;Ranthe et al., PLOS One 2015,;
Stroke;Family history;None;1;Reference;
Stroke;Family history;One;1.28;"""Different Types of Family History of Stroke and Stroke Risk: Results Based on 655,552 Individuals"" (J Stroke Cerebrovasc Dis 2019)";
Stroke;Family history;Two or more;1.28;"""Different Types of Family History of Stroke and Stroke Risk: Results Based on 655,552 Individuals"" (J Stroke Cerebrovasc Dis 2019)";
Type 2 diabetes;Pregnancy complications;No;1;Reference;
Type 2 diabetes;Pregnancy complications;Yes;7.43;Bellamy 2009, Lancet;
Hypertension;Pregnancy complications;No;1;Reference;
Hypertension;Pregnancy complications;Yes;3.7;Bellamy 2007 (BMJ);
Coronary Heart Disease;Pregnancy complications;No;1;Reference;
Coronary Heart Disease;Pregnancy complications;Yes;2.16;Bellamy 2007 (BMJ);
Stroke;Pregnancy complications;No;1;Reference;
Stroke;Pregnancy complications;Yes;1.81;Bellamy 2007 (BMJ);
Type 2 diabetes;Working hours;Standard;1;Reference;
Type 2 diabetes;Working hours;Long;1;;
Type 2 diabetes;Working hours;Very long;1;;
Hypertension;Working hours;Standard;1;Reference;
Hypertension;Working hours;Long;1;;
Hypertension;Working hours;Very long;1;;
Coronary Heart Disease;Working hours;Standard;1;Reference;
Coronary Heart Disease;Working hours;Long;1;Kivimäki et al., Lancet 2015;
Coronary Heart Disease;Working hours;Very long;1.13;Kivimäki et al., Lancet 2015;
Stroke;Working hours;Standard;1;Reference;
Stroke;Working hours;Long;1.18;Kivimäki et al., Lancet 2015;
Stroke;Working hours;Very long;1.33;Kivimäki et al., Lancet 2015;
Type 2 diabetes;Shift work;No;1;Reference;
Type 2 diabetes;Shift work;Yes;1.09;Gan et al., Occup Environ Med 2015;
Hypertension;Shift work;No;1;Reference;
Hypertension;Shift work;Yes;1.31;"Manohar S, Thongprayoon C, Cheungpasitporn W, Mao MA, Herrmann SM. Associations of rotational shift work and night shift status with hypertension: a systematic review and meta-analysis. Journal of Hypertension. 2017;35(10):1929–1937. doi:10.1097/HJH.0000000000001442";
Coronary Heart Disease;Shift work;No;1;Reference;
Coronary Heart Disease;Shift work;Yes;1.23;Vyas et al., BMJ 2012;
Stroke;Shift work;No;1;Reference;
Stroke;Shift work;Yes;1.05;Vyas et al., BMJ 2012;
Type 2 diabetes;Depression;No;1;Reference;
Type 2 diabetes;Depression;Yes;1.6;"Mezuk et al., Diabetes Care 2008 — ""Depression and type 2 diabetes over the lifespan""";
Hypertension;Depression;No;1;Reference;
Hypertension;Depression;Yes;1.4;"Meng et al., J Hypertens 2012 — ""Depression increases the risk of hypertension incidence""";
Coronary Heart Disease;Depression;No;1;Reference;
Coronary Heart Disease;Depression;Yes;1.3;"Gan et al., BMC Psychiatry 2014 — ""Depression and the risk of coronary heart disease.""";
Stroke;Depression;No;1;Reference;
Stroke;Depression;Yes;1.45;"Pan et al., JAMA 2011 — ""Depression and risk of stroke.""";
Type 2 diabetes;Sleep apnea;No;1;Reference;
Type 2 diabetes;Sleep apnea;Yes;1.63;"Wang et al., Respirology 2013 — ""Obstructive sleep apnoea and the risk of type 2 diabetes: a meta-analysis of prospective cohort studies.""";
Hypertension;Sleep apnea;No;1;Reference;
Hypertension;Sleep apnea;Yes;1.32;"Hou H, Zhao Y, Yu W, Dong H, Xue X, Ding J, Xing W, Wang W. Association of obstructive sleep apnea with hypertension: a systematic review and meta-analysis. Journal of Global Health. 2018;8(1):010405. doi:10.7189/jogh.08.010405 (PMCID: PMC5825975)";
Coronary Heart Disease;Sleep apnea;No;1;Reference;
Coronary Heart Disease;Sleep apnea;Yes;1.56;"Loke et al., Circ Cardiovasc Qual Outcomes 2012 — ""Obstructive sleep apnea and risk of serious cardiovascular events.""";
Stroke;Sleep apnea;No;1;Reference;
Stroke;Sleep apnea;Yes;2.24;"Loke et al., Circ Cardiovasc Qual Outcomes 2012 — ""Obstructive sleep apnea and risk of serious cardiovascular events.""";
Type 2 diabetes;Coffee consumption;None/rare;1;Reference;
Type 2 diabetes;Coffee consumption;Moderate;0.82;Ding et al., Diabetes Care 2014;
Type 2 diabetes;Coffee consumption;High;0.73;Ding et al., Diabetes Care 2014;
Hypertension;Coffee consumption;None/rare;1;Reference;
Hypertension;Coffee consumption;Moderate;0.96;"Xie C, Cui L, Zhu J, Wang K, Sun N, Sun C. Coffee consumption and risk of hypertension: a systematic review and dose–response meta-analysis of cohort studies. Journal of Human Hypertension. 2018;32(2):83–93. doi:10.1038/s41371-017-0007-0";
Hypertension;Coffee consumption;High;0.94;"Xie C, Cui L, Zhu J, Wang K, Sun N, Sun C. Coffee consumption and risk of hypertension: a systematic review and dose–response meta-analysis of cohort studies. Journal of Human Hypertension. 2018;32(2):83–93. doi:10.1038/s41371-017-0007-0";
Coronary Heart Disease;Coffee consumption;None/rare;1;Reference;
Coronary Heart Disease;Coffee consumption;Moderate;0.87;"Ding et al., Circulation 2014 — ""Long-term coffee consumption and risk of cardiovascular disease.""";
Coronary Heart Disease;Coffee consumption;High;0.95;"Ding et al., Circulation 2014 — ""Long-term coffee consumption and risk of cardiovascular disease.""";
Stroke;Coffee consumption;None/rare;1;Reference;
Stroke;Coffee consumption;Moderate;0.87;"Ding et al., Circulation 2014 — ""Long-term coffee consumption and risk of cardiovascular disease.""";
Stroke;Coffee consumption;High;0.95;"Ding et al., Circulation 2014 — ""Long-term coffee consumption and risk of cardiovascular disease.""";
Type 2 diabetes;Sodium intake;Low;1;Reference;
Type 2 diabetes;Sodium intake;Moderate;1;Reference;
Type 2 diabetes;Sodium intake;High;1;Reference;
Hypertension;Sodium intake;Low;1;Reference;
Hypertension;Sodium intake;Moderate;1.12;Filippini 2022 Curr Hypertens Rep;
Hypertension;Sodium intake;High;1.25;Filippini 2022 Curr Hypertens Rep;
Coronary Heart Disease;Sodium intake;Low;1;Reference;
Coronary Heart Disease;Sodium intake;Moderate;1;Strazzullo et al., BMJ 2009;
Coronary Heart Disease;Sodium intake;High;1;Strazzullo et al., BMJ 2009;
Stroke;Sodium intake;Low;1;Reference;
Stroke;Sodium intake;Moderate;1.11;Strazzullo et al., BMJ 2009;
Stroke;Sodium intake;High;1.23;Strazzullo et al., BMJ 2009;
Type 2 diabetes;Social isolation;No;1;Reference;
Type 2 diabetes;Social isolation;Yes;1;;
Hypertension;Social isolation;No;1;Reference;
Hypertension;Social isolation;Yes;1;;
Coronary Heart Disease;Social isolation;No;1;Reference;
Coronary Heart Disease;Social isolation;Yes;1.29;"Valtorta et al., Heart 2016 — ""Loneliness and social isolation as risk factors for coronary heart disease and stroke: systematic review and meta-analysis of longitudinal observational studies.""";
Stroke;Social isolation;No;1;Reference;
Stroke;Social isolation;Yes;1.32;"Valtorta et al., Heart 2016 — ""Loneliness and social isolation as risk factors for coronary heart disease and stroke: systematic review and meta-analysis of longitudinal observational studies.""";
Type 2 diabetes;Cannabis consumption;No/rare;1;Reference;
Type 2 diabetes;Cannabis consumption;Yes;1;Reference;
Hypertension;Cannabis consumption;No/rare;1;Reference;
Hypertension;Cannabis consumption;Yes;1;Reference;
Coronary Heart Disease;Cannabis consumption;No/rare;1;Reference;
Coronary Heart Disease;Cannabis consumption;Yes;1.25;"Jeffers et al., JAHA 2024 — ""Association of Cannabis Use With Cardiovascular Outcomes""";
Stroke;Cannabis consumption;No/rare;1;Reference;
Stroke;Cannabis consumption;Yes;1.42;"Jeffers et al., JAHA 2024 — ""Association of Cannabis Use With Cardiovascular Outcomes""";
Type 2 diabetes;Education;High;1;Reference;
Type 2 diabetes;Education;Middle;1.19;"Agardh E, Allebeck P, Hallqvist J, Moradi T, Sidorchuk A. Type 2 diabetes incidence and socio-economic position: a systematic review and meta-analysis. International Journal of Epidemiology. 2011;40(3):804–818. doi:10.1093/ije/dyr029";
Type 2 diabetes;Education;Low;1.41;"Agardh E, Allebeck P, Hallqvist J, Moradi T, Sidorchuk A. Type 2 diabetes incidence and socio-economic position: a systematic review and meta-analysis. International Journal of Epidemiology. 2011;40(3):804–818. doi:10.1093/ije/dyr029";
Hypertension;Education;High;1;Reference;
Hypertension;Education;Middle;1.42;"Leng B, Jin Y, Li G, Chen L, Jin N. Socioeconomic status and hypertension: a meta-analysis. Journal of Hypertension. 2015;33(2):221–229. doi:10.1097/HJH.0000000000000428";
Hypertension;Education;Low;2.02;"Leng B, Jin Y, Li G, Chen L, Jin N. Socioeconomic status and hypertension: a meta-analysis. Journal of Hypertension. 2015;33(2):221–229. doi:10.1097/HJH.0000000000000428";
Coronary Heart Disease;Education;High;1;Reference;
Coronary Heart Disease;Education;Middle;1.21;"Khaing W, Vallibhakara SA, Attia J, McEvoy M, Thakkinstian A. Effects of education and income on cardiovascular outcomes: a systematic review and meta-analysis. European Journal of Preventive Cardiology. 2017;24(10):1032–1042. doi:10.1177/2047487317705916";
Coronary Heart Disease;Education;Low;1.36;"Khaing W, Vallibhakara SA, Attia J, McEvoy M, Thakkinstian A. Effects of education and income on cardiovascular outcomes: a systematic review and meta-analysis. European Journal of Preventive Cardiology. 2017;24(10):1032–1042. doi:10.1177/2047487317705916";
Stroke;Education;High;1;Reference;
Stroke;Education;Middle;1.17;"Khaing W, Vallibhakara SA, Attia J, McEvoy M, Thakkinstian A. Effects of education and income on cardiovascular outcomes: a systematic review and meta-analysis. European Journal of Preventive Cardiology. 2017;24(10):1032–1042. doi:10.1177/2047487317705916";
Stroke;Education;Low;1.23;"Khaing W, Vallibhakara SA, Attia J, McEvoy M, Thakkinstian A. Effects of education and income on cardiovascular outcomes: a systematic review and meta-analysis. European Journal of Preventive Cardiology. 2017;24(10):1032–1042. doi:10.1177/2047487317705916";
